SequenceNo,EmpID,EmpFName,EmpLName,Designation,Event,Value,EventDate,Notes
6,1,raj,surename,SE,ONBORD,05-11-2022,10-10-2022,"""testing"""
7,1,hetal,surename,SE,SALARY,100,11-10-2022,"""testing"""
8,1,arra,surename,SE,BONUS,10,12-10-2022,"""testing"""
9,1,niku,surename,SE,REIMBURSEMENT,10,13-10-2022,"""testing"""
10,2,tatva,surename,SE,ONBORD,05-11-2022,14-10-2022,"""testing"""
11,2,tatva,surename,SE,SALARY,100,15-10-2022,"""testing"""
12,2,tatva,surename,SE,BONUS,100,16-10-2022,"""testing"""
13,2,tatva,surename,SE,REIMBURSEMENT,100,17-10-2022,"""testing"""
14,3,tatva,surename,SE,ONBORD,05-11-2022,18-10-2022,"""testing"""
15,3,tatva,surename,SE,SALARY,100,19-10-2022,"""testing"""
16,3,tatva,surename,SE,BONUS,100,20-10-2022,"""testing"""
17,3,tatva,surename,SE,REIMBURSEMENT,100,21-10-2022,"""testing"""
18,4,tatva,surename,SE,ONBORD,05-11-2022,22-10-2022,"""testing"""
19,4,tatva,surename,SE,SALARY,100,23-10-2022,"""testing"""
20,4,tatva,surename,SE,BONUS,100,24-10-2022,"""testing"""
21,4,tatva,surename,SE,REIMBURSEMENT,100,25-10-2022,"""testing"""
22,5,tatva,surename,SE,ONBORD,05-11-2022,26-10-2022,"""testing"""
23,5,tatva,surename,SE,SALARY,100,27-10-2022,"""testing"""
24,5,tatva,surename,SE,BONUS,100,28-10-2022,"""testing"""
25,5,tatva,surename,SE,EXIT,05-01-2023,29-10-2022,"""testing"""
26,6,tatva,surename,SE,ONBORD,05-11-2022,30-10-2022,"""testing"""
27,6,tatva,surename,SE,SALARY,100,31-10-2022,"""testing"""
28,6,tatva,surename,SE,BONUS,100,01-11-2022,"""testing"""
29,6,tatva,surename,SE,REIMBURSEMENT,100,02-11-2022,"""testing"""
30,7,tatva,surename,SE,ONBORD,05-11-2022,03-11-2022,"""testing"""
31,7,tatva,surename,SE,SALARY,100,04-11-2022,"""testing"""
32,7,tatva,surename,SE,BONUS,100,05-11-2022,"""testing"""
33,7,tatva,surename,SE,REIMBURSEMENT,100,06-11-2022,"""testing"""
34,8,tatva,surename,SE,ONBORD,01-02-2022,07-11-2022,"""testing"""
35,8,tatva,surename,SE,SALARY,100,08-11-2022,"""testing"""
36,8,tatva,surename,SE,BONUS,100,09-11-2022,"""testing"""
37,8,tatva,surename,SE,EXIT,05-01-2023,10-11-2022,"""testing"""
38,9,tatva,surename,SE,ONBORD,01-02-2023,11-11-2022,"""testing"""
39,9,tatva,surename,SE,SALARY,100,12-11-2022,"""testing"""
40,9,tatva,surename,SE,BONUS,100,13-11-2022,"""testing"""
